Label n,Label N,n,N,Setup time,SRS size,Commitment time,Prover time,Transcript size,Verifier time
2^4,2^6,16,64,0.069428309,6792,0.083006822,1.599271398,72924,280.253467
2^6,2^9,64,512,0.131131727,23688,0.128717765,2.346666266,96528,500.666192
2^8,2^12,256,4096,0.42257304,91272,0.41890864,3.373423225,113832,577.841754
2^10,2^15,1024,32768,1.617359505,361608,1.498525539,5.728396443,131136,429.197745
2^12,2^18,4096,262144,6.420735975,1442952,8.508199331,12.61911981,148440,538.380036
2^14,2^21,16384,2097152,25.58243701,5768328,54.94516708,32.96146575,165744,527.611153
2^16,2^24,65536,16777216,101.7286945,23069832,399.9632182,99.70661649,183048,575.501086
2^18,2^27,262144,134217728,409.2365363,92275848,3030.513322,371.4619102,200352,626.075786
2^20,2^30,1048576,1073741824,1610.753974,369099912,23510.73245,1404.793875,217656,674.315418
