Label n,Label N,n,N,Setup time,SRS size,Commitment time,Prover time,Transcript size,Verifier time
$2^4$,$2^6$,16,64,0.052165701,6792,0.07492213,1.749387652,72924,337.5578567
$2^6$,$2^9$,64,512,0.176144673,23688,0.22990379,2.774489449,96528,363.0536493
$2^8$,$2^{12}$,256,4096,0.589828085,91272,0.471208607,3.648274076,113832,375.2521248
$2^{10}$,$2^{15}$,1024,32768,2.631719519,361608,1.601827333,5.822338415,131136,465.7948444
$2^{12}$,$2^{18}$,4096,262144,7.822874571,1442952,7.342775709,11.35082081,148440,475.0586744
$2^{14}$,$2^{21}$,16384,2097152,29.3173323,5768328,52.44708671,34.39839527,165744,525.2588645
$2^{16}$,$2^{24}$,65536,16777216,104.7749819,23069832,386.4766778,140.5825318,183048,670.7971724
$2^{18}$,$2^{27}$,262144,134217728,403.4648992,92275848,3005.209301,528.9229728,200352,724.9876372
$2^{20}$,$2^{30}$,1048576,1073741824,1659.056065,369099912,22941.01192,2509.936648,217656,827.9619584
