Label n,Label N,n,N,Setup time,SRS size,Commitment time,Prover time,Transcript size,Verifier time
$2^4$,$2^6$,16,64,0.068141284,8216,0.076309057,1.766142006,89980,286.4950866
$2^6$,$2^9$,64,512,0.091060177,25112,0.13340152,2.56625487,110316,337.9722358
$2^8$,$2^{12}$,256,4096,0.264667105,92696,0.283145297,3.701596762,130652,361.5333406
$2^{10}$,$2^{15}$,1024,32768,0.864104301,363032,1.108789996,5.628088271,150988,396.2543016
$2^{12}$,$2^{18}$,4096,262144,3.09196247,1444376,5.945044126,10.33486115,171324,436.1943748
$2^{14}$,$2^{21}$,16384,2097152,8.765193725,5769752,48.11378901,27.68732536,191660,477.5430314
$2^{16}$,$2^{24}$,65536,16777216,33.80685867,23071256,388.073531,88.19321167,211996,514.7248218
$2^{18}$,$2^{27}$,262144,134217728,131.6759346,92277272,2900.089863,367.7256041,232332,555.1261894
$2^{20}$,$2^{30}$,1048576,1073741824,511.6743048,369101336,23702.70495,1825.655061,252668,619.0740994
